"","N","A0_unstable","A0_stable","A1_unstable","A1_stable","A1_stabilised","A1_destabilised","A0_infeasible","A0_feasible","A1_infeasible","A1_feasible","A1_made_feasible","A1_made_infeasible","A0_rho","A1_rho","rho_diff","rho_abs","complex_A0","complex_A1","A0_eig","A1_eig","LCI_A0","UCI_A0","LCI_A1","UCI_A1","C"
"1",24,1821,98179,1825,98175,0,4,1e+05,0,1e+05,0,0,0,-0.000736166226180679,-0.000877923711931171,-0.000141757485750492,-0.00347783135640664,0.575136506739984,0.658713427089184,-0.389451451031964,-0.0695664677614662,-1.19851533602452,0.624397815217545,-0.637732030205875,0.730805190364863,0.130434782608696
"2",48,25844,74156,26126,73874,50,332,1e+05,0,1e+05,0,0,0,2.63596727314255e-05,-0.000318561287760468,-0.000344920960491893,-0.000683472784352207,0.807387491267725,0.929417436740818,-0.102396343909274,-8.14281019992212e-06,-0.707170570782082,1.07510692901054,-0.341174558767684,1.04069212323359,0.106382978723404
"3",72,71704,28296,72524,27476,617,1437,1e+05,0,1e+05,0,0,0,-0.000436390156967768,-0.000266368529296487,0.000170021627671281,-0.000406197581860978,0.986254571454193,1.13662872673076,0.103321221364428,0.0933866896170181,-0.499596252229958,1.05709190098157,-0.18339932843562,1.30862385570404,0.0985915492957746
"4",96,96280,3720,96404,3596,643,767,1e+05,0,1e+05,0,0,0,-4.93416735291154e-05,9.47503018448003e-05,0.000144091975373916,-7.25712011967581e-05,1.13698189199864,1.31096535996009,0.270596177356384,0.219697266537629,-0.278418751763442,1.23588701853734,-0.110262890583774,1.76391873218496,0.0947368421052632
"5",120,99902,98,99872,128,72,42,1e+05,0,1e+05,0,0,0,-0.000212530437289939,-0.000143174396664768,6.93560406251702e-05,-4.52492248319036e-05,1.27016401221022,1.46503668420387,0.414584145443813,0.352497713730652,-0.19517147615934,1.34280806589066,-0.0474097977615883,1.6299876536996,0.092436974789916
"6",144,1e+05,0,99999,1,1,0,1e+05,0,1e+05,0,0,0,9.60583683543655e-05,1.97120744562062e-05,-7.63462938981592e-05,-5.99794562156138e-05,1.3902547504847,1.60409590182958,0.543689743464548,0.480948470749172,0.0112309438063831,1.56930260252486,-0.000340707777463707,2.09525555146827,0.0909090909090909
"7",168,1e+05,0,1e+05,0,0,0,1e+05,0,1e+05,0,0,0,5.05627200180927e-05,0.000225201110890408,0.000174638390872316,-0.000105444485919239,1.50122135284808,1.73216530476108,0.659963295406969,0.603823567344605,0.158572042738439,1.51132505200468,0.0623680267031489,2.00076094972399,0.0898203592814371
